Language,Location,Filename,Lines,Code,Comments,Blanks,Complexity
License,LICENSE,LICENSE,21,17,0,4,0
Python,svm_sklearn.py,svm_sklearn.py,15,10,1,4,0
Python,basic_commands.py,basic_commands.py,81,55,6,20,11
CSV,Logistic Regression with StatsModels/train.csv,train.csv,301,301,0,0,0
Markdown,README.md,README.md,249,224,0,25,0
CSV,Logistic Regression with StatsModels/test.csv,test.csv,101,101,0,0,0
Python,Logistic-Regression/citreo_code_v2.py,citreo_code_v2.py,117,42,50,25,14
Python,Logistic Regression with StatsModels/logistic.py,logistic.py,152,49,76,27,0
Python,Logistic-Regression/logistic_regression_updated.py,logistic_regression_updated.py,166,120,22,24,35
Python,Logistic-Regression/classifier_corrected.py,classifier_corrected.py,106,48,37,21,7
Python,Logistic-Regression/citreo.py,citreo.py,133,48,59,26,16
Python,Twitter-Data-Analysis/extract_twitter_data.py,extract_twitter_data.py,45,25,9,11,0
R,Twitter-Data-Analysis/json2tweets.R,json2tweets.R,16,7,4,5,0
